model_name,task,0k,1k,2k,4k,8k,16k,32k,64k,128k,256k,512k,1M,10M
hina-dixit/Kiran-10M,qa1,100.0,100.0,100.0,100.0,100.0,100.0,100.0,100.0,100.0,100.0,100.0,100.0,100.0
hina-dixit/Kiran-10M,qa2,98.0,98.0,98.0,98.0,98.0,98.0,98.0,98.0,98.0,98.0,98.0,98.0,99.0
hina-dixit/Kiran-10M,qa3,70.0,77.0,68.0,68.0,68.0,68.0,68.0,68.0,68.0,69.0,69.0,69.0,69.0
hina-dixit/Kiran-10M,qa4,80.0,80.0,80.0,80.0,80.0,80.0,80.0,80.0,80.0,80.0,80.0,78.0,77.0
hina-dixit/Kiran-10M,qa5,80.0,77.0,80.0,80.0,80.0,80.0,80.0,80.0,80.0,79.0,80.0,77.0,75.0
hina-dixit/Kiran-10M,qa6,100.0,100.0,100.0,100.0,100.0,100.0,100.0,100.0,100.0,100.0,100.0,100.0,
hina-dixit/Kiran-10M,qa7,54.0,54.0,54.0,54.0,54.0,54.0,54.0,54.0,54.0,54.0,54.0,54.0,
hina-dixit/Kiran-10M,qa8,100.0,100.0,100.0,100.0,100.0,100.0,100.0,100.0,100.0,100.0,100.0,100.0,
hina-dixit/Kiran-10M,qa9,100.0,100.0,100.0,100.0,100.0,100.0,100.0,100.0,100.0,100.0,100.0,100.0,
hina-dixit/Kiran-10M,qa10,99.0,99.0,99.0,99.0,99.0,99.0,99.0,99.0,99.0,99.0,99.0,98.0,
hina-dixit/Kiran-10M,avg,85.6,86.4,85.2,85.2,85.2,85.2,85.2,85.2,85.2,85.2,85.4,84.4,84.0
